1,1,Galaxy M53,galaxy-m53.jpg
2,1,Galaxy M33,galaxy-m33.jpg
3,1,Galaxy M23,galaxy-m23.jpg
4,1,Galaxy Tab S8,galaxy-tab-s8.jpg
5,1,Galaxy M22,galaxy-m22.jpg
6,2,Redmi 10A,redmi-10a.jpg
7,2,Redmi 10C,redmi-10c.jpg
8,2,Redmi Note 11E Pro,redmi-note-11e-pro.jpg
9,2,Redmi Note 11S,redmi-note-11s.jpg
10,2,Redmi Note 11,redmi-note-11.jpg
11,3,iPhone 13 Pro Max,iphone-13-pro-max.jpg
12,3,iPhone 13 Pro,iphone-13-pro.jpg
13,3,iPhone 13,iphone-13.jpg
14,3,iPhone 13 mini,iphone-13-mini.jpg
15,3,iPhone 12,iphone-12.jpg
